accuracy,precision_macro,recall_macro,f1_macro,precision_weighted,recall_weighted,f1_weighted,precision_fandom,recall_fandom,f1_fandom,precision_reddit,recall_reddit,f1_reddit
0.966626936829559,0.9671001897834395,0.9657743527390399,0.9663723604049288,0.9667075914683155,0.966626936829559,0.9666032228612373,0.9621245102307358,0.9765797613787008,0.9692982456140351,0.9720758693361433,0.9549689440993789,0.9634464751958225
0.9653556144283676,0.9671648172432803,0.9612538013504459,0.9639498164365915,0.9656187712014458,0.9653556144283676,0.9652453557623459,0.9586693548387096,0.9837931034482759,0.9710687542545949,0.9756602796478508,0.9387144992526159,0.9568308786185881
0.9617786660004997,0.9623454085973584,0.9604472436576386,0.9613112333357907,0.9618665883320877,0.9617786660004997,0.9617393591627855,0.9575892857142857,0.9736722650930549,0.9655638082376773,0.9671015314804311,0.9472222222222222,0.957058658433904
0.9678606476938175,0.9682264425261244,0.9672512651469427,0.9676890965375046,0.967925727756007,0.9678606476938175,0.9678438969075107,0.963652885052249,0.9765193370165746,0.9700434484335696,0.9728,0.957983193277311,0.9653347446414395
0.972488038277512,0.973133872815956,0.9710126801217054,0.9720015360422124,0.9725651857479746,0.972488038277512,0.9724571352317125,0.9685270667226186,0.9829642248722317,0.9756922426548299,0.9777406789092933,0.959061135371179,0.9683108294295949
