accuracy,precision_macro,recall_macro,f1_macro,precision_weighted,recall_weighted,f1_weighted,precision_fandom,recall_fandom,f1_fandom,precision_reddit,recall_reddit,f1_reddit
0.9683377308707124,0.9684256816182937,0.9677951851177209,0.9680958527414558,0.9683451567913525,0.9683377308707124,0.9683270695757589,0.9674582233948988,0.9743135518157662,0.970873786407767,0.9693931398416886,0.9612768184196756,0.9653179190751445
0.9702380952380952,0.970478923536022,0.9677308642941821,0.9690488569689952,0.9702551235015849,0.9702380952380952,0.9701945105894895,0.9692937563971341,0.9810082872928176,0.9751158400549168,0.9716640906749099,0.9544534412955465,0.9629818738830738
0.9658463083877449,0.9660862169300327,0.964819217236002,0.9654163421500528,0.9658709143920821,0.9658463083877449,0.9658230669694913,0.9640449438202248,0.9745570195365743,0.9692724807953005,0.9681274900398407,0.9550814149354295,0.961560203504805
0.9574046557701833,0.9579635899263483,0.9564363517966731,0.9571041059340877,0.957522948713287,0.9574046557701833,0.9573690877422429,0.9519927536231884,0.9695571955719557,0.9606946983546618,0.9639344262295082,0.9433155080213904,0.9535135135135135
0.9656167347920173,0.9668693694654152,0.9633195228737794,0.9649154527993538,0.9658310268823344,0.9656167347920173,0.9655511386872614,0.9587671803415244,0.9812446717817562,0.9698757109753529,0.9749715585893061,0.9453943739658025,0.9599551946233548
